file_name,iteration,target_type,system_cpu,system_gpu,system_os,system_ram,cpu_cores,cpu_threads,tauri,node_version,npm_version,cargo_version,rust_version,build_commands_used,cargo_clean,cargo_clean_start_ms,cargo_clean_end_ms,cargo_clean_duration_ms,cargo_clean_duration_s,delete_node_modules,npm_install,npm_install_start_ms,npm_install_end_ms,npm_install_duration_ms,npm_install_duration_s,build_start_ms,build_end_ms,build_duration_ms,build_duration_s,exe_size_bytes,msi_size_bytes
01-release-build.json,1,release,AMD Ryzen 7 5800X3D 8-Core Processor,NVIDIA GeForce RTX 4070,Windows 11 (10.0.22621),32 GB,8,16,^2,v20.9.0,10.1.0,1.84.1 (66221abde 2024-11-19),1.84.1 (e71f9a9a9 2025-01-27),cargo clean; npm install; npm run tauri build,True,1748165136210,1748165136276,66,0.07,True,True,1748165136623,1748165139491,2868,2.87,1748165139491,1748165278658,139167,139.17,21109760,7266304
01-release-build.json,2,release,AMD Ryzen 7 5800X3D 8-Core Processor,NVIDIA GeForce RTX 4070,Windows 11 (10.0.22621),32 GB,8,16,^2,v20.9.0,10.1.0,1.84.1 (66221abde 2024-11-19),1.84.1 (e71f9a9a9 2025-01-27),cargo clean; npm install; npm run tauri build,True,1748165278658,1748165279866,1208,1.21,True,True,1748165280507,1748165284042,3535,3.54,1748165284042,1748165427104,143062,143.06,21109760,7266304
01-release-build.json,3,release,AMD Ryzen 7 5800X3D 8-Core Processor,NVIDIA GeForce RTX 4070,Windows 11 (10.0.22621),32 GB,8,16,^2,v20.9.0,10.1.0,1.84.1 (66221abde 2024-11-19),1.84.1 (e71f9a9a9 2025-01-27),cargo clean; npm install; npm run tauri build,True,1748165427105,1748165428310,1205,1.21,True,True,1748165428864,1748165432327,3463,3.46,1748165432327,1748165572341,140014,140.01,21109760,7266304
01-release-build.json,4,release,AMD Ryzen 7 5800X3D 8-Core Processor,NVIDIA GeForce RTX 4070,Windows 11 (10.0.22621),32 GB,8,16,^2,v20.9.0,10.1.0,1.84.1 (66221abde 2024-11-19),1.84.1 (e71f9a9a9 2025-01-27),cargo clean; npm install; npm run tauri build,True,1748165572341,1748165573524,1183,1.18,True,True,1748165573845,1748165575832,1987,1.99,1748165575832,1748165713677,137845,137.84,21109760,7266304
01-release-build.json,5,release,AMD Ryzen 7 5800X3D 8-Core Processor,NVIDIA GeForce RTX 4070,Windows 11 (10.0.22621),32 GB,8,16,^2,v20.9.0,10.1.0,1.84.1 (66221abde 2024-11-19),1.84.1 (e71f9a9a9 2025-01-27),cargo clean; npm install; npm run tauri build,True,1748165713678,1748165714873,1195,1.2,True,True,1748165715333,1748165719137,3804,3.8,1748165719137,1748165858054,138917,138.92,21109760,7266304
AVERAGES,,,,,,,,,,,,,,,,,,971.4,0.97,,,,,3131.4,3.13,,,139801.0,139.8,21109760.0,7266304.0
,,,,,,,,,,,,,,,,,,,,,,,,,,,,,,,
02-release-build.json,1,release,AMD Ryzen 7 5800X3D 8-Core Processor,NVIDIA GeForce RTX 4070,Windows 11 (10.0.22621),32 GB,8,16,^2,v20.9.0,10.1.0,1.84.1 (66221abde 2024-11-19),1.84.1 (e71f9a9a9 2025-01-27),cargo clean; npm install; npm run tauri build,True,1748165858963,1748165860328,1365,1.36,False,True,1748165860655,1748165862643,1988,1.99,1748165862643,1748166002692,140049,140.05,21109760,7266304
02-release-build.json,2,release,AMD Ryzen 7 5800X3D 8-Core Processor,NVIDIA GeForce RTX 4070,Windows 11 (10.0.22621),32 GB,8,16,^2,v20.9.0,10.1.0,1.84.1 (66221abde 2024-11-19),1.84.1 (e71f9a9a9 2025-01-27),cargo clean; npm install; npm run tauri build,True,1748166002693,1748166003938,1245,1.25,False,True,1748166003938,1748166005222,1284,1.28,1748166005222,1748166141615,136393,136.39,21109760,7266304
02-release-build.json,3,release,AMD Ryzen 7 5800X3D 8-Core Processor,NVIDIA GeForce RTX 4070,Windows 11 (10.0.22621),32 GB,8,16,^2,v20.9.0,10.1.0,1.84.1 (66221abde 2024-11-19),1.84.1 (e71f9a9a9 2025-01-27),cargo clean; npm install; npm run tauri build,True,1748166141616,1748166142804,1188,1.19,False,True,1748166142804,1748166144087,1283,1.28,1748166144087,1748166280742,136655,136.66,21109760,7266304
02-release-build.json,4,release,AMD Ryzen 7 5800X3D 8-Core Processor,NVIDIA GeForce RTX 4070,Windows 11 (10.0.22621),32 GB,8,16,^2,v20.9.0,10.1.0,1.84.1 (66221abde 2024-11-19),1.84.1 (e71f9a9a9 2025-01-27),cargo clean; npm install; npm run tauri build,True,1748166280742,1748166281977,1235,1.24,False,True,1748166281979,1748166283264,1285,1.28,1748166283264,1748166422851,139587,139.59,21109760,7266304
02-release-build.json,5,release,AMD Ryzen 7 5800X3D 8-Core Processor,NVIDIA GeForce RTX 4070,Windows 11 (10.0.22621),32 GB,8,16,^2,v20.9.0,10.1.0,1.84.1 (66221abde 2024-11-19),1.84.1 (e71f9a9a9 2025-01-27),cargo clean; npm install; npm run tauri build,True,1748166422851,1748166423991,1140,1.14,False,True,1748166423991,1748166425232,1241,1.24,1748166425232,1748166564818,139586,139.59,21109760,7266304
AVERAGES,,,,,,,,,,,,,,,,,,1234.6,1.23,,,,,1416.2,1.42,,,138454.0,138.45,21109760.0,7266304.0
,,,,,,,,,,,,,,,,,,,,,,,,,,,,,,,
03-release-build.json,1,release,AMD Ryzen 7 5800X3D 8-Core Processor,NVIDIA GeForce RTX 4070,Windows 11 (10.0.22621),32 GB,8,16,^2,v20.9.0,10.1.0,1.84.1 (66221abde 2024-11-19),1.84.1 (e71f9a9a9 2025-01-27),cargo clean; npm install; npm run tauri build,True,1748166565726,1748166566980,1254,1.25,False,False,1748166567311,1748166569572,2261,2.26,1748166569573,1748166707004,137431,137.43,21109760,7266304
03-release-build.json,2,release,AMD Ryzen 7 5800X3D 8-Core Processor,NVIDIA GeForce RTX 4070,Windows 11 (10.0.22621),32 GB,8,16,^2,v20.9.0,10.1.0,1.84.1 (66221abde 2024-11-19),1.84.1 (e71f9a9a9 2025-01-27),cargo clean; npm run tauri build,True,1748166707004,1748166708212,1208,1.21,False,False,,,,,1748166708212,1748166848085,139873,139.87,21109760,7266304
03-release-build.json,3,release,AMD Ryzen 7 5800X3D 8-Core Processor,NVIDIA GeForce RTX 4070,Windows 11 (10.0.22621),32 GB,8,16,^2,v20.9.0,10.1.0,1.84.1 (66221abde 2024-11-19),1.84.1 (e71f9a9a9 2025-01-27),cargo clean; npm run tauri build,True,1748166848085,1748166850025,1940,1.94,False,False,,,,,1748166850025,1748166988754,138729,138.73,21109760,7266304
03-release-build.json,4,release,AMD Ryzen 7 5800X3D 8-Core Processor,NVIDIA GeForce RTX 4070,Windows 11 (10.0.22621),32 GB,8,16,^2,v20.9.0,10.1.0,1.84.1 (66221abde 2024-11-19),1.84.1 (e71f9a9a9 2025-01-27),cargo clean; npm run tauri build,True,1748166988754,1748166989943,1189,1.19,False,False,,,,,1748166989943,1748167131054,141111,141.11,21109760,7266304
03-release-build.json,5,release,AMD Ryzen 7 5800X3D 8-Core Processor,NVIDIA GeForce RTX 4070,Windows 11 (10.0.22621),32 GB,8,16,^2,v20.9.0,10.1.0,1.84.1 (66221abde 2024-11-19),1.84.1 (e71f9a9a9 2025-01-27),cargo clean; npm run tauri build,True,1748167131055,1748167134217,3162,3.16,False,False,,,,,1748167134224,1748167276501,142277,142.28,21109760,7266304
AVERAGES,,,,,,,,,,,,,,,,,,1750.6,1.75,,,,,2261.0,2.26,,,139884.2,139.88,21109760.0,7266304.0
,,,,,,,,,,,,,,,,,,,,,,,,,,,,,,,
04-release-build.json,1,release,AMD Ryzen 7 5800X3D 8-Core Processor,NVIDIA GeForce RTX 4070,Windows 11 (10.0.22621),32 GB,8,16,^2,v20.9.0,10.1.0,1.84.1 (66221abde 2024-11-19),1.84.1 (e71f9a9a9 2025-01-27),cargo clean; npm install; npm run tauri build,False,1748167277620,1748167278946,1326,1.33,True,True,1748167279524,1748167282921,3397,3.4,1748167282921,1748167424153,141232,141.23,21109760,7266304
04-release-build.json,2,release,AMD Ryzen 7 5800X3D 8-Core Processor,NVIDIA GeForce RTX 4070,Windows 11 (10.0.22621),32 GB,8,16,^2,v20.9.0,10.1.0,1.84.1 (66221abde 2024-11-19),1.84.1 (e71f9a9a9 2025-01-27),npm install; npm run tauri build,False,,,,,True,True,1748167424638,1748167427544,2906,2.91,1748167427544,1748167488596,61052,61.05,21109760,7266304
04-release-build.json,3,release,AMD Ryzen 7 5800X3D 8-Core Processor,NVIDIA GeForce RTX 4070,Windows 11 (10.0.22621),32 GB,8,16,^2,v20.9.0,10.1.0,1.84.1 (66221abde 2024-11-19),1.84.1 (e71f9a9a9 2025-01-27),npm install; npm run tauri build,False,,,,,True,True,1748167488906,1748167491613,2707,2.71,1748167491613,1748167554245,62632,62.63,21109760,7266304
04-release-build.json,4,release,AMD Ryzen 7 5800X3D 8-Core Processor,NVIDIA GeForce RTX 4070,Windows 11 (10.0.22621),32 GB,8,16,^2,v20.9.0,10.1.0,1.84.1 (66221abde 2024-11-19),1.84.1 (e71f9a9a9 2025-01-27),npm install; npm run tauri build,False,,,,,True,True,1748167554578,1748167557305,2727,2.73,1748167557305,1748167619963,62658,62.66,21109760,7266304
04-release-build.json,5,release,AMD Ryzen 7 5800X3D 8-Core Processor,NVIDIA GeForce RTX 4070,Windows 11 (10.0.22621),32 GB,8,16,^2,v20.9.0,10.1.0,1.84.1 (66221abde 2024-11-19),1.84.1 (e71f9a9a9 2025-01-27),npm install; npm run tauri build,False,,,,,True,True,1748167621761,1748167624714,2953,2.95,1748167624714,1748167686752,62038,62.04,21109760,7266304
AVERAGES,,,,,,,,,,,,,,,,,,1326.0,1.33,,,,,2938.0,2.94,,,77922.4,77.92,21109760.0,7266304.0
,,,,,,,,,,,,,,,,,,,,,,,,,,,,,,,
05-release-build.json,1,release,AMD Ryzen 7 5800X3D 8-Core Processor,NVIDIA GeForce RTX 4070,Windows 11 (10.0.22621),32 GB,8,16,^2,v20.9.0,10.1.0,1.84.1 (66221abde 2024-11-19),1.84.1 (e71f9a9a9 2025-01-27),cargo clean; npm install; npm run tauri build,False,1748167687661,1748167688855,1194,1.19,False,True,1748167689191,1748167694187,4996,5.0,1748167694188,1748167836012,141824,141.82,21109760,7266304
05-release-build.json,2,release,AMD Ryzen 7 5800X3D 8-Core Processor,NVIDIA GeForce RTX 4070,Windows 11 (10.0.22621),32 GB,8,16,^2,v20.9.0,10.1.0,1.84.1 (66221abde 2024-11-19),1.84.1 (e71f9a9a9 2025-01-27),npm install; npm run tauri build,False,,,,,False,True,1748167836013,1748167837284,1271,1.27,1748167837284,1748167898851,61567,61.57,21109760,7266304
05-release-build.json,3,release,AMD Ryzen 7 5800X3D 8-Core Processor,NVIDIA GeForce RTX 4070,Windows 11 (10.0.22621),32 GB,8,16,^2,v20.9.0,10.1.0,1.84.1 (66221abde 2024-11-19),1.84.1 (e71f9a9a9 2025-01-27),npm install; npm run tauri build,False,,,,,False,True,1748167898851,1748167900215,1364,1.36,1748167900215,1748167962714,62499,62.5,21109760,7266304
05-release-build.json,4,release,AMD Ryzen 7 5800X3D 8-Core Processor,NVIDIA GeForce RTX 4070,Windows 11 (10.0.22621),32 GB,8,16,^2,v20.9.0,10.1.0,1.84.1 (66221abde 2024-11-19),1.84.1 (e71f9a9a9 2025-01-27),npm install; npm run tauri build,False,,,,,False,True,1748167962715,1748167964171,1456,1.46,1748167964171,1748168024425,60254,60.25,21109760,7266304
05-release-build.json,5,release,AMD Ryzen 7 5800X3D 8-Core Processor,NVIDIA GeForce RTX 4070,Windows 11 (10.0.22621),32 GB,8,16,^2,v20.9.0,10.1.0,1.84.1 (66221abde 2024-11-19),1.84.1 (e71f9a9a9 2025-01-27),npm install; npm run tauri build,False,,,,,False,True,1748168024425,1748168025690,1265,1.26,1748168025691,1748168087692,62001,62.0,21109760,7266304
AVERAGES,,,,,,,,,,,,,,,,,,1194.0,1.19,,,,,2070.4,2.07,,,77629.0,77.63,21109760.0,7266304.0
,,,,,,,,,,,,,,,,,,,,,,,,,,,,,,,
06-release-build.json,1,release,AMD Ryzen 7 5800X3D 8-Core Processor,NVIDIA GeForce RTX 4070,Windows 11 (10.0.22621),32 GB,8,16,^2,v20.9.0,10.1.0,1.84.1 (66221abde 2024-11-19),1.84.1 (e71f9a9a9 2025-01-27),cargo clean; npm install; npm run tauri build,False,1748168088625,1748168089857,1232,1.23,False,False,1748168090191,1748168095377,5186,5.19,1748168095377,1748168231234,135857,135.86,21109760,7266304
06-release-build.json,2,release,AMD Ryzen 7 5800X3D 8-Core Processor,NVIDIA GeForce RTX 4070,Windows 11 (10.0.22621),32 GB,8,16,^2,v20.9.0,10.1.0,1.84.1 (66221abde 2024-11-19),1.84.1 (e71f9a9a9 2025-01-27),npm run tauri build,False,,,,,False,False,,,,,1748168231234,1748168292000,60766,60.77,21109760,7266304
06-release-build.json,3,release,AMD Ryzen 7 5800X3D 8-Core Processor,NVIDIA GeForce RTX 4070,Windows 11 (10.0.22621),32 GB,8,16,^2,v20.9.0,10.1.0,1.84.1 (66221abde 2024-11-19),1.84.1 (e71f9a9a9 2025-01-27),npm run tauri build,False,,,,,False,False,,,,,1748168292000,1748168352689,60689,60.69,21109760,7266304
06-release-build.json,4,release,AMD Ryzen 7 5800X3D 8-Core Processor,NVIDIA GeForce RTX 4070,Windows 11 (10.0.22621),32 GB,8,16,^2,v20.9.0,10.1.0,1.84.1 (66221abde 2024-11-19),1.84.1 (e71f9a9a9 2025-01-27),npm run tauri build,False,,,,,False,False,,,,,1748168352689,1748168413676,60987,60.99,21109760,7266304
06-release-build.json,5,release,AMD Ryzen 7 5800X3D 8-Core Processor,NVIDIA GeForce RTX 4070,Windows 11 (10.0.22621),32 GB,8,16,^2,v20.9.0,10.1.0,1.84.1 (66221abde 2024-11-19),1.84.1 (e71f9a9a9 2025-01-27),npm run tauri build,False,,,,,False,False,,,,,1748168413676,1748168474002,60326,60.33,21109760,7266304
AVERAGES,,,,,,,,,,,,,,,,,,1232.0,1.23,,,,,5186.0,5.19,,,75725.0,75.72,21109760.0,7266304.0
,,,,,,,,,,,,,,,,,,,,,,,,,,,,,,,
07-debug-build.json,1,debug,AMD Ryzen 7 5800X3D 8-Core Processor,NVIDIA GeForce RTX 4070,Windows 11 (10.0.22621),32 GB,8,16,^2,v20.9.0,10.1.0,1.84.1 (66221abde 2024-11-19),1.84.1 (e71f9a9a9 2025-01-27),cargo clean; npm install; npm run tauri build -- --debug,True,1748168474881,1748168476300,1419,1.42,True,True,1748168476632,1748168481732,5100,5.1,1748168481732,1748168584548,102816,102.82,36063744,10817536
07-debug-build.json,2,debug,AMD Ryzen 7 5800X3D 8-Core Processor,NVIDIA GeForce RTX 4070,Windows 11 (10.0.22621),32 GB,8,16,^2,v20.9.0,10.1.0,1.84.1 (66221abde 2024-11-19),1.84.1 (e71f9a9a9 2025-01-27),cargo clean; npm install; npm run tauri build -- --debug,True,1748168584548,1748168585866,1318,1.32,True,True,1748168586207,1748168591005,4798,4.8,1748168591005,1748168693840,102835,102.83,36063744,10817536
07-debug-build.json,3,debug,AMD Ryzen 7 5800X3D 8-Core Processor,NVIDIA GeForce RTX 4070,Windows 11 (10.0.22621),32 GB,8,16,^2,v20.9.0,10.1.0,1.84.1 (66221abde 2024-11-19),1.84.1 (e71f9a9a9 2025-01-27),cargo clean; npm install; npm run tauri build -- --debug,True,1748168693842,1748168695208,1366,1.37,True,True,1748168695550,1748168701042,5492,5.49,1748168701042,1748168808494,107452,107.45,36063744,10817536
07-debug-build.json,4,debug,AMD Ryzen 7 5800X3D 8-Core Processor,NVIDIA GeForce RTX 4070,Windows 11 (10.0.22621),32 GB,8,16,^2,v20.9.0,10.1.0,1.84.1 (66221abde 2024-11-19),1.84.1 (e71f9a9a9 2025-01-27),cargo clean; npm install; npm run tauri build -- --debug,True,1748168808495,1748168811393,2898,2.9,True,True,1748168812174,1748168815993,3819,3.82,1748168815993,1748168925885,109892,109.89,36063744,10817536
07-debug-build.json,5,debug,AMD Ryzen 7 5800X3D 8-Core Processor,NVIDIA GeForce RTX 4070,Windows 11 (10.0.22621),32 GB,8,16,^2,v20.9.0,10.1.0,1.84.1 (66221abde 2024-11-19),1.84.1 (e71f9a9a9 2025-01-27),cargo clean; npm install; npm run tauri build -- --debug,True,1748168925886,1748168930352,4466,4.47,True,True,1748168930704,1748168935698,4994,4.99,1748168935698,1748169040568,104870,104.87,36063744,10817536
AVERAGES,,,,,,,,,,,,,,,,,,2293.4,2.29,,,,,4840.6,4.84,,,105573.0,105.57,36063744.0,10817536.0
,,,,,,,,,,,,,,,,,,,,,,,,,,,,,,,
08-debug-build.json,1,debug,AMD Ryzen 7 5800X3D 8-Core Processor,NVIDIA GeForce RTX 4070,Windows 11 (10.0.22621),32 GB,8,16,^2,v20.9.0,10.1.0,1.84.1 (66221abde 2024-11-19),1.84.1 (e71f9a9a9 2025-01-27),cargo clean; npm install; npm run tauri build -- --debug,True,1748169041451,1748169043144,1693,1.69,False,True,1748169045500,1748169047690,2190,2.19,1748169047690,1748169155419,107729,107.73,36063744,10817536
08-debug-build.json,2,debug,AMD Ryzen 7 5800X3D 8-Core Processor,NVIDIA GeForce RTX 4070,Windows 11 (10.0.22621),32 GB,8,16,^2,v20.9.0,10.1.0,1.84.1 (66221abde 2024-11-19),1.84.1 (e71f9a9a9 2025-01-27),cargo clean; npm install; npm run tauri build -- --debug,True,1748169155420,1748169157492,2072,2.07,False,True,1748169157492,1748169160112,2620,2.62,1748169160112,1748169268523,108411,108.41,36063744,10817536
08-debug-build.json,3,debug,AMD Ryzen 7 5800X3D 8-Core Processor,NVIDIA GeForce RTX 4070,Windows 11 (10.0.22621),32 GB,8,16,^2,v20.9.0,10.1.0,1.84.1 (66221abde 2024-11-19),1.84.1 (e71f9a9a9 2025-01-27),cargo clean; npm install; npm run tauri build -- --debug,True,1748169268527,1748169270015,1488,1.49,False,True,1748169270015,1748169271297,1282,1.28,1748169271297,1748169378532,107235,107.23,36063744,10817536
08-debug-build.json,4,debug,AMD Ryzen 7 5800X3D 8-Core Processor,NVIDIA GeForce RTX 4070,Windows 11 (10.0.22621),32 GB,8,16,^2,v20.9.0,10.1.0,1.84.1 (66221abde 2024-11-19),1.84.1 (e71f9a9a9 2025-01-27),cargo clean; npm install; npm run tauri build -- --debug,True,1748169378533,1748169380123,1590,1.59,False,True,1748169380123,1748169381555,1432,1.43,1748169381555,1748169483853,102298,102.3,36063744,10817536
08-debug-build.json,5,debug,AMD Ryzen 7 5800X3D 8-Core Processor,NVIDIA GeForce RTX 4070,Windows 11 (10.0.22621),32 GB,8,16,^2,v20.9.0,10.1.0,1.84.1 (66221abde 2024-11-19),1.84.1 (e71f9a9a9 2025-01-27),cargo clean; npm install; npm run tauri build -- --debug,True,1748169483853,1748169485069,1216,1.22,False,True,1748169485069,1748169486343,1274,1.27,1748169486343,1748169584859,98516,98.52,36063744,10817536
AVERAGES,,,,,,,,,,,,,,,,,,1611.8,1.61,,,,,1759.6,1.76,,,104837.8,104.84,36063744.0,10817536.0
,,,,,,,,,,,,,,,,,,,,,,,,,,,,,,,
09-debug-build.json,1,debug,AMD Ryzen 7 5800X3D 8-Core Processor,NVIDIA GeForce RTX 4070,Windows 11 (10.0.22621),32 GB,8,16,^2,v20.9.0,10.1.0,1.84.1 (66221abde 2024-11-19),1.84.1 (e71f9a9a9 2025-01-27),cargo clean; npm install; npm run tauri build -- --debug,True,1748169585740,1748169586960,1220,1.22,False,False,1748169587286,1748169592782,5496,5.5,1748169592782,1748169691382,98600,98.6,36063744,10817536
09-debug-build.json,2,debug,AMD Ryzen 7 5800X3D 8-Core Processor,NVIDIA GeForce RTX 4070,Windows 11 (10.0.22621),32 GB,8,16,^2,v20.9.0,10.1.0,1.84.1 (66221abde 2024-11-19),1.84.1 (e71f9a9a9 2025-01-27),cargo clean; npm run tauri build -- --debug,True,1748169691382,1748169692592,1210,1.21,False,False,,,,,1748169692592,1748169791718,99126,99.13,36063744,10817536
09-debug-build.json,3,debug,AMD Ryzen 7 5800X3D 8-Core Processor,NVIDIA GeForce RTX 4070,Windows 11 (10.0.22621),32 GB,8,16,^2,v20.9.0,10.1.0,1.84.1 (66221abde 2024-11-19),1.84.1 (e71f9a9a9 2025-01-27),cargo clean; npm run tauri build -- --debug,True,1748169791719,1748169794381,2662,2.66,False,False,,,,,1748169794381,1748169892340,97959,97.96,36063744,10817536
09-debug-build.json,4,debug,AMD Ryzen 7 5800X3D 8-Core Processor,NVIDIA GeForce RTX 4070,Windows 11 (10.0.22621),32 GB,8,16,^2,v20.9.0,10.1.0,1.84.1 (66221abde 2024-11-19),1.84.1 (e71f9a9a9 2025-01-27),cargo clean; npm run tauri build -- --debug,True,1748169892340,1748169893655,1315,1.31,False,False,,,,,1748169893656,1748169991998,98342,98.34,36063744,10817536
09-debug-build.json,5,debug,AMD Ryzen 7 5800X3D 8-Core Processor,NVIDIA GeForce RTX 4070,Windows 11 (10.0.22621),32 GB,8,16,^2,v20.9.0,10.1.0,1.84.1 (66221abde 2024-11-19),1.84.1 (e71f9a9a9 2025-01-27),cargo clean; npm run tauri build -- --debug,True,1748169992000,1748169993224,1224,1.22,False,False,,,,,1748169993224,1748170094231,101007,101.01,36063744,10817536
AVERAGES,,,,,,,,,,,,,,,,,,1526.2,1.53,,,,,5496.0,5.5,,,99006.8,99.01,36063744.0,10817536.0
,,,,,,,,,,,,,,,,,,,,,,,,,,,,,,,
10-debug-build.json,1,debug,AMD Ryzen 7 5800X3D 8-Core Processor,NVIDIA GeForce RTX 4070,Windows 11 (10.0.22621),32 GB,8,16,^2,v20.9.0,10.1.0,1.84.1 (66221abde 2024-11-19),1.84.1 (e71f9a9a9 2025-01-27),cargo clean; npm install; npm run tauri build -- --debug,False,1748170095102,1748170096419,1317,1.32,True,True,1748170096743,1748170102386,5643,5.64,1748170102386,1748170202929,100543,100.54,36063744,10817536
10-debug-build.json,2,debug,AMD Ryzen 7 5800X3D 8-Core Processor,NVIDIA GeForce RTX 4070,Windows 11 (10.0.22621),32 GB,8,16,^2,v20.9.0,10.1.0,1.84.1 (66221abde 2024-11-19),1.84.1 (e71f9a9a9 2025-01-27),npm install; npm run tauri build -- --debug,False,,,,,True,True,1748170203218,1748170205272,2054,2.05,1748170205274,1748170230406,25132,25.13,36063744,10817536
10-debug-build.json,3,debug,AMD Ryzen 7 5800X3D 8-Core Processor,NVIDIA GeForce RTX 4070,Windows 11 (10.0.22621),32 GB,8,16,^2,v20.9.0,10.1.0,1.84.1 (66221abde 2024-11-19),1.84.1 (e71f9a9a9 2025-01-27),npm install; npm run tauri build -- --debug,False,,,,,True,True,1748170230693,1748170233565,2872,2.87,1748170233565,1748170258716,25151,25.15,36063744,10817536
10-debug-build.json,4,debug,AMD Ryzen 7 5800X3D 8-Core Processor,NVIDIA GeForce RTX 4070,Windows 11 (10.0.22621),32 GB,8,16,^2,v20.9.0,10.1.0,1.84.1 (66221abde 2024-11-19),1.84.1 (e71f9a9a9 2025-01-27),npm install; npm run tauri build -- --debug,False,,,,,True,True,1748170259014,1748170261991,2977,2.98,1748170261991,1748170287027,25036,25.04,36063744,10817536
10-debug-build.json,5,debug,AMD Ryzen 7 5800X3D 8-Core Processor,NVIDIA GeForce RTX 4070,Windows 11 (10.0.22621),32 GB,8,16,^2,v20.9.0,10.1.0,1.84.1 (66221abde 2024-11-19),1.84.1 (e71f9a9a9 2025-01-27),npm install; npm run tauri build -- --debug,False,,,,,True,True,1748170287314,1748170289323,2009,2.01,1748170289323,1748170314288,24965,24.96,36063744,10817536
AVERAGES,,,,,,,,,,,,,,,,,,1317.0,1.32,,,,,3111.0,3.11,,,40165.4,40.17,36063744.0,10817536.0
,,,,,,,,,,,,,,,,,,,,,,,,,,,,,,,
11-debug-build.json,1,debug,AMD Ryzen 7 5800X3D 8-Core Processor,NVIDIA GeForce RTX 4070,Windows 11 (10.0.22621),32 GB,8,16,^2,v20.9.0,10.1.0,1.84.1 (66221abde 2024-11-19),1.84.1 (e71f9a9a9 2025-01-27),cargo clean; npm install; npm run tauri build -- --debug,False,1748170315171,1748170316400,1229,1.23,False,True,1748170316712,1748170318716,2004,2.0,1748170318716,1748170416016,97300,97.3,36063744,10817536
11-debug-build.json,2,debug,AMD Ryzen 7 5800X3D 8-Core Processor,NVIDIA GeForce RTX 4070,Windows 11 (10.0.22621),32 GB,8,16,^2,v20.9.0,10.1.0,1.84.1 (66221abde 2024-11-19),1.84.1 (e71f9a9a9 2025-01-27),npm install; npm run tauri build -- --debug,False,,,,,False,True,1748170416016,1748170417283,1267,1.27,1748170417283,1748170442083,24800,24.8,36063744,10817536
11-debug-build.json,3,debug,AMD Ryzen 7 5800X3D 8-Core Processor,NVIDIA GeForce RTX 4070,Windows 11 (10.0.22621),32 GB,8,16,^2,v20.9.0,10.1.0,1.84.1 (66221abde 2024-11-19),1.84.1 (e71f9a9a9 2025-01-27),npm install; npm run tauri build -- --debug,False,,,,,False,True,1748170442083,1748170443849,1766,1.77,1748170443849,1748170468765,24916,24.92,36063744,10817536
11-debug-build.json,4,debug,AMD Ryzen 7 5800X3D 8-Core Processor,NVIDIA GeForce RTX 4070,Windows 11 (10.0.22621),32 GB,8,16,^2,v20.9.0,10.1.0,1.84.1 (66221abde 2024-11-19),1.84.1 (e71f9a9a9 2025-01-27),npm install; npm run tauri build -- --debug,False,,,,,False,True,1748170468766,1748170470542,1776,1.78,1748170470542,1748170495446,24904,24.9,36063744,10817536
11-debug-build.json,5,debug,AMD Ryzen 7 5800X3D 8-Core Processor,NVIDIA GeForce RTX 4070,Windows 11 (10.0.22621),32 GB,8,16,^2,v20.9.0,10.1.0,1.84.1 (66221abde 2024-11-19),1.84.1 (e71f9a9a9 2025-01-27),npm install; npm run tauri build -- --debug,False,,,,,False,True,1748170495446,1748170496682,1236,1.24,1748170496682,1748170521438,24756,24.76,36063744,10817536
AVERAGES,,,,,,,,,,,,,,,,,,1229.0,1.23,,,,,1609.8,1.61,,,39335.2,39.34,36063744.0,10817536.0
,,,,,,,,,,,,,,,,,,,,,,,,,,,,,,,
12-debug-build.json,1,debug,AMD Ryzen 7 5800X3D 8-Core Processor,NVIDIA GeForce RTX 4070,Windows 11 (10.0.22621),32 GB,8,16,^2,v20.9.0,10.1.0,1.84.1 (66221abde 2024-11-19),1.84.1 (e71f9a9a9 2025-01-27),cargo clean; npm install; npm run tauri build -- --debug,False,1748170522310,1748170523532,1222,1.22,False,False,1748170523854,1748170529254,5400,5.4,1748170529254,1748170629267,100013,100.01,36063744,10817536
12-debug-build.json,2,debug,AMD Ryzen 7 5800X3D 8-Core Processor,NVIDIA GeForce RTX 4070,Windows 11 (10.0.22621),32 GB,8,16,^2,v20.9.0,10.1.0,1.84.1 (66221abde 2024-11-19),1.84.1 (e71f9a9a9 2025-01-27),npm run tauri build -- --debug,False,,,,,False,False,,,,,1748170629267,1748170654015,24748,24.75,36063744,10817536
12-debug-build.json,3,debug,AMD Ryzen 7 5800X3D 8-Core Processor,NVIDIA GeForce RTX 4070,Windows 11 (10.0.22621),32 GB,8,16,^2,v20.9.0,10.1.0,1.84.1 (66221abde 2024-11-19),1.84.1 (e71f9a9a9 2025-01-27),npm run tauri build -- --debug,False,,,,,False,False,,,,,1748170654015,1748170678840,24825,24.82,36063744,10817536
12-debug-build.json,4,debug,AMD Ryzen 7 5800X3D 8-Core Processor,NVIDIA GeForce RTX 4070,Windows 11 (10.0.22621),32 GB,8,16,^2,v20.9.0,10.1.0,1.84.1 (66221abde 2024-11-19),1.84.1 (e71f9a9a9 2025-01-27),npm run tauri build -- --debug,False,,,,,False,False,,,,,1748170678843,1748170703606,24763,24.76,36063744,10817536
12-debug-build.json,5,debug,AMD Ryzen 7 5800X3D 8-Core Processor,NVIDIA GeForce RTX 4070,Windows 11 (10.0.22621),32 GB,8,16,^2,v20.9.0,10.1.0,1.84.1 (66221abde 2024-11-19),1.84.1 (e71f9a9a9 2025-01-27),npm run tauri build -- --debug,False,,,,,False,False,,,,,1748170703606,1748170728391,24785,24.79,36063744,10817536
AVERAGES,,,,,,,,,,,,,,,,,,1222.0,1.22,,,,,5400.0,5.4,,,39826.8,39.83,36063744.0,10817536.0
,,,,,,,,,,,,,,,,,,,,,,,,,,,,,,,
