file_name,iteration,timestamp_ms,main_pid,main_name,executable_type,system_os,system_cpu,system_gpu,system_ram,cpu_cores,cpu_threads,node_version,npm_version,cargo_version,rust_version,build_commands_used,start_ms,end_ms,duration_ms,duration_s,success,process_count
01-release-startup.json,1,,17584,blendio-tauri.exe,release,Windows 11 (10.0.22621),AMD Ryzen 7 5800X3D 8-Core Processor,NVIDIA GeForce RTX 4070,32 GB,8,16,v20.9.0,10.1.0,1.84.1 (66221abde 2024-11-19),1.84.1 (e71f9a9a9 2025-01-27),npm run tauri build,1748172152009,1748172154016,2007,2.01,True,
01-release-startup.json,2,,25936,blendio-tauri.exe,release,Windows 11 (10.0.22621),AMD Ryzen 7 5800X3D 8-Core Processor,NVIDIA GeForce RTX 4070,32 GB,8,16,v20.9.0,10.1.0,1.84.1 (66221abde 2024-11-19),1.84.1 (e71f9a9a9 2025-01-27),npm run tauri build,1748172154060,1748172155061,1001,1.0,True,
01-release-startup.json,3,,11624,blendio-tauri.exe,release,Windows 11 (10.0.22621),AMD Ryzen 7 5800X3D 8-Core Processor,NVIDIA GeForce RTX 4070,32 GB,8,16,v20.9.0,10.1.0,1.84.1 (66221abde 2024-11-19),1.84.1 (e71f9a9a9 2025-01-27),npm run tauri build,1748172155109,1748172156116,1007,1.01,True,
01-release-startup.json,4,,24656,blendio-tauri.exe,release,Windows 11 (10.0.22621),AMD Ryzen 7 5800X3D 8-Core Processor,NVIDIA GeForce RTX 4070,32 GB,8,16,v20.9.0,10.1.0,1.84.1 (66221abde 2024-11-19),1.84.1 (e71f9a9a9 2025-01-27),npm run tauri build,1748172156163,1748172157165,1002,1.0,True,
01-release-startup.json,5,,20388,blendio-tauri.exe,release,Windows 11 (10.0.22621),AMD Ryzen 7 5800X3D 8-Core Processor,NVIDIA GeForce RTX 4070,32 GB,8,16,v20.9.0,10.1.0,1.84.1 (66221abde 2024-11-19),1.84.1 (e71f9a9a9 2025-01-27),npm run tauri build,1748172157208,1748172158213,1005,1.0,True,
01-release-startup.json,6,,2340,blendio-tauri.exe,release,Windows 11 (10.0.22621),AMD Ryzen 7 5800X3D 8-Core Processor,NVIDIA GeForce RTX 4070,32 GB,8,16,v20.9.0,10.1.0,1.84.1 (66221abde 2024-11-19),1.84.1 (e71f9a9a9 2025-01-27),npm run tauri build,1748172158264,1748172159270,1006,1.01,True,
01-release-startup.json,7,,26180,blendio-tauri.exe,release,Windows 11 (10.0.22621),AMD Ryzen 7 5800X3D 8-Core Processor,NVIDIA GeForce RTX 4070,32 GB,8,16,v20.9.0,10.1.0,1.84.1 (66221abde 2024-11-19),1.84.1 (e71f9a9a9 2025-01-27),npm run tauri build,1748172159320,1748172160320,1000,1.0,True,
01-release-startup.json,8,,23704,blendio-tauri.exe,release,Windows 11 (10.0.22621),AMD Ryzen 7 5800X3D 8-Core Processor,NVIDIA GeForce RTX 4070,32 GB,8,16,v20.9.0,10.1.0,1.84.1 (66221abde 2024-11-19),1.84.1 (e71f9a9a9 2025-01-27),npm run tauri build,1748172160374,1748172161376,1002,1.0,True,
01-release-startup.json,9,,6996,blendio-tauri.exe,release,Windows 11 (10.0.22621),AMD Ryzen 7 5800X3D 8-Core Processor,NVIDIA GeForce RTX 4070,32 GB,8,16,v20.9.0,10.1.0,1.84.1 (66221abde 2024-11-19),1.84.1 (e71f9a9a9 2025-01-27),npm run tauri build,1748172161422,1748172162425,1003,1.0,True,
01-release-startup.json,10,,15072,blendio-tauri.exe,release,Windows 11 (10.0.22621),AMD Ryzen 7 5800X3D 8-Core Processor,NVIDIA GeForce RTX 4070,32 GB,8,16,v20.9.0,10.1.0,1.84.1 (66221abde 2024-11-19),1.84.1 (e71f9a9a9 2025-01-27),npm run tauri build,1748172162476,1748172163477,1001,1.0,True,
01-release-startup.json,11,,17824,blendio-tauri.exe,release,Windows 11 (10.0.22621),AMD Ryzen 7 5800X3D 8-Core Processor,NVIDIA GeForce RTX 4070,32 GB,8,16,v20.9.0,10.1.0,1.84.1 (66221abde 2024-11-19),1.84.1 (e71f9a9a9 2025-01-27),npm run tauri build,1748172163526,1748172164527,1001,1.0,True,
01-release-startup.json,12,,17032,blendio-tauri.exe,release,Windows 11 (10.0.22621),AMD Ryzen 7 5800X3D 8-Core Processor,NVIDIA GeForce RTX 4070,32 GB,8,16,v20.9.0,10.1.0,1.84.1 (66221abde 2024-11-19),1.84.1 (e71f9a9a9 2025-01-27),npm run tauri build,1748172164580,1748172166585,2005,2.0,True,
01-release-startup.json,13,,19960,blendio-tauri.exe,release,Windows 11 (10.0.22621),AMD Ryzen 7 5800X3D 8-Core Processor,NVIDIA GeForce RTX 4070,32 GB,8,16,v20.9.0,10.1.0,1.84.1 (66221abde 2024-11-19),1.84.1 (e71f9a9a9 2025-01-27),npm run tauri build,1748172166630,1748172167635,1005,1.0,True,
01-release-startup.json,14,,26188,blendio-tauri.exe,release,Windows 11 (10.0.22621),AMD Ryzen 7 5800X3D 8-Core Processor,NVIDIA GeForce RTX 4070,32 GB,8,16,v20.9.0,10.1.0,1.84.1 (66221abde 2024-11-19),1.84.1 (e71f9a9a9 2025-01-27),npm run tauri build,1748172167690,1748172169700,2010,2.01,True,
01-release-startup.json,15,,24572,blendio-tauri.exe,release,Windows 11 (10.0.22621),AMD Ryzen 7 5800X3D 8-Core Processor,NVIDIA GeForce RTX 4070,32 GB,8,16,v20.9.0,10.1.0,1.84.1 (66221abde 2024-11-19),1.84.1 (e71f9a9a9 2025-01-27),npm run tauri build,1748172169745,1748172170746,1001,1.0,True,
01-release-startup.json,16,,20636,blendio-tauri.exe,release,Windows 11 (10.0.22621),AMD Ryzen 7 5800X3D 8-Core Processor,NVIDIA GeForce RTX 4070,32 GB,8,16,v20.9.0,10.1.0,1.84.1 (66221abde 2024-11-19),1.84.1 (e71f9a9a9 2025-01-27),npm run tauri build,1748172170793,1748172171795,1002,1.0,True,
01-release-startup.json,17,,24700,blendio-tauri.exe,release,Windows 11 (10.0.22621),AMD Ryzen 7 5800X3D 8-Core Processor,NVIDIA GeForce RTX 4070,32 GB,8,16,v20.9.0,10.1.0,1.84.1 (66221abde 2024-11-19),1.84.1 (e71f9a9a9 2025-01-27),npm run tauri build,1748172171847,1748172172850,1003,1.0,True,
01-release-startup.json,18,,23540,blendio-tauri.exe,release,Windows 11 (10.0.22621),AMD Ryzen 7 5800X3D 8-Core Processor,NVIDIA GeForce RTX 4070,32 GB,8,16,v20.9.0,10.1.0,1.84.1 (66221abde 2024-11-19),1.84.1 (e71f9a9a9 2025-01-27),npm run tauri build,1748172172896,1748172173901,1005,1.0,True,
01-release-startup.json,19,,26584,blendio-tauri.exe,release,Windows 11 (10.0.22621),AMD Ryzen 7 5800X3D 8-Core Processor,NVIDIA GeForce RTX 4070,32 GB,8,16,v20.9.0,10.1.0,1.84.1 (66221abde 2024-11-19),1.84.1 (e71f9a9a9 2025-01-27),npm run tauri build,1748172173946,1748172174949,1003,1.0,True,
01-release-startup.json,20,,15760,blendio-tauri.exe,release,Windows 11 (10.0.22621),AMD Ryzen 7 5800X3D 8-Core Processor,NVIDIA GeForce RTX 4070,32 GB,8,16,v20.9.0,10.1.0,1.84.1 (66221abde 2024-11-19),1.84.1 (e71f9a9a9 2025-01-27),npm run tauri build,1748172174996,1748172177003,2007,2.01,True,
01-release-startup.json,21,,19096,blendio-tauri.exe,release,Windows 11 (10.0.22621),AMD Ryzen 7 5800X3D 8-Core Processor,NVIDIA GeForce RTX 4070,32 GB,8,16,v20.9.0,10.1.0,1.84.1 (66221abde 2024-11-19),1.84.1 (e71f9a9a9 2025-01-27),npm run tauri build,1748172177055,1748172179060,2005,2.0,True,
01-release-startup.json,22,,20112,blendio-tauri.exe,release,Windows 11 (10.0.22621),AMD Ryzen 7 5800X3D 8-Core Processor,NVIDIA GeForce RTX 4070,32 GB,8,16,v20.9.0,10.1.0,1.84.1 (66221abde 2024-11-19),1.84.1 (e71f9a9a9 2025-01-27),npm run tauri build,1748172179117,1748172180122,1005,1.0,True,
01-release-startup.json,23,,19776,blendio-tauri.exe,release,Windows 11 (10.0.22621),AMD Ryzen 7 5800X3D 8-Core Processor,NVIDIA GeForce RTX 4070,32 GB,8,16,v20.9.0,10.1.0,1.84.1 (66221abde 2024-11-19),1.84.1 (e71f9a9a9 2025-01-27),npm run tauri build,1748172180166,1748172182171,2005,2.0,True,
01-release-startup.json,24,,6852,blendio-tauri.exe,release,Windows 11 (10.0.22621),AMD Ryzen 7 5800X3D 8-Core Processor,NVIDIA GeForce RTX 4070,32 GB,8,16,v20.9.0,10.1.0,1.84.1 (66221abde 2024-11-19),1.84.1 (e71f9a9a9 2025-01-27),npm run tauri build,1748172182220,1748172183223,1003,1.0,True,
01-release-startup.json,25,,20112,blendio-tauri.exe,release,Windows 11 (10.0.22621),AMD Ryzen 7 5800X3D 8-Core Processor,NVIDIA GeForce RTX 4070,32 GB,8,16,v20.9.0,10.1.0,1.84.1 (66221abde 2024-11-19),1.84.1 (e71f9a9a9 2025-01-27),npm run tauri build,1748172183268,1748172184274,1006,1.01,True,
01-release-startup.json,26,,20700,blendio-tauri.exe,release,Windows 11 (10.0.22621),AMD Ryzen 7 5800X3D 8-Core Processor,NVIDIA GeForce RTX 4070,32 GB,8,16,v20.9.0,10.1.0,1.84.1 (66221abde 2024-11-19),1.84.1 (e71f9a9a9 2025-01-27),npm run tauri build,1748172184321,1748172185325,1004,1.0,True,
01-release-startup.json,27,,20388,blendio-tauri.exe,release,Windows 11 (10.0.22621),AMD Ryzen 7 5800X3D 8-Core Processor,NVIDIA GeForce RTX 4070,32 GB,8,16,v20.9.0,10.1.0,1.84.1 (66221abde 2024-11-19),1.84.1 (e71f9a9a9 2025-01-27),npm run tauri build,1748172185367,1748172186374,1007,1.01,True,
01-release-startup.json,28,,21440,blendio-tauri.exe,release,Windows 11 (10.0.22621),AMD Ryzen 7 5800X3D 8-Core Processor,NVIDIA GeForce RTX 4070,32 GB,8,16,v20.9.0,10.1.0,1.84.1 (66221abde 2024-11-19),1.84.1 (e71f9a9a9 2025-01-27),npm run tauri build,1748172186419,1748172187424,1005,1.0,True,
01-release-startup.json,29,,11020,blendio-tauri.exe,release,Windows 11 (10.0.22621),AMD Ryzen 7 5800X3D 8-Core Processor,NVIDIA GeForce RTX 4070,32 GB,8,16,v20.9.0,10.1.0,1.84.1 (66221abde 2024-11-19),1.84.1 (e71f9a9a9 2025-01-27),npm run tauri build,1748172187477,1748172188482,1005,1.0,True,
01-release-startup.json,30,,3648,blendio-tauri.exe,release,Windows 11 (10.0.22621),AMD Ryzen 7 5800X3D 8-Core Processor,NVIDIA GeForce RTX 4070,32 GB,8,16,v20.9.0,10.1.0,1.84.1 (66221abde 2024-11-19),1.84.1 (e71f9a9a9 2025-01-27),npm run tauri build,1748172188533,1748172189536,1003,1.0,True,
01-release-startup.json,31,,3472,blendio-tauri.exe,release,Windows 11 (10.0.22621),AMD Ryzen 7 5800X3D 8-Core Processor,NVIDIA GeForce RTX 4070,32 GB,8,16,v20.9.0,10.1.0,1.84.1 (66221abde 2024-11-19),1.84.1 (e71f9a9a9 2025-01-27),npm run tauri build,1748172189588,1748172190593,1005,1.0,True,
01-release-startup.json,32,,5684,blendio-tauri.exe,release,Windows 11 (10.0.22621),AMD Ryzen 7 5800X3D 8-Core Processor,NVIDIA GeForce RTX 4070,32 GB,8,16,v20.9.0,10.1.0,1.84.1 (66221abde 2024-11-19),1.84.1 (e71f9a9a9 2025-01-27),npm run tauri build,1748172190639,1748172191643,1004,1.0,True,
01-release-startup.json,33,,12984,blendio-tauri.exe,release,Windows 11 (10.0.22621),AMD Ryzen 7 5800X3D 8-Core Processor,NVIDIA GeForce RTX 4070,32 GB,8,16,v20.9.0,10.1.0,1.84.1 (66221abde 2024-11-19),1.84.1 (e71f9a9a9 2025-01-27),npm run tauri build,1748172191687,1748172192691,1004,1.0,True,
01-release-startup.json,34,,24380,blendio-tauri.exe,release,Windows 11 (10.0.22621),AMD Ryzen 7 5800X3D 8-Core Processor,NVIDIA GeForce RTX 4070,32 GB,8,16,v20.9.0,10.1.0,1.84.1 (66221abde 2024-11-19),1.84.1 (e71f9a9a9 2025-01-27),npm run tauri build,1748172192736,1748172193738,1002,1.0,True,
01-release-startup.json,35,,21088,blendio-tauri.exe,release,Windows 11 (10.0.22621),AMD Ryzen 7 5800X3D 8-Core Processor,NVIDIA GeForce RTX 4070,32 GB,8,16,v20.9.0,10.1.0,1.84.1 (66221abde 2024-11-19),1.84.1 (e71f9a9a9 2025-01-27),npm run tauri build,1748172193789,1748172194794,1005,1.0,True,
01-release-startup.json,36,,23952,blendio-tauri.exe,release,Windows 11 (10.0.22621),AMD Ryzen 7 5800X3D 8-Core Processor,NVIDIA GeForce RTX 4070,32 GB,8,16,v20.9.0,10.1.0,1.84.1 (66221abde 2024-11-19),1.84.1 (e71f9a9a9 2025-01-27),npm run tauri build,1748172194842,1748172195845,1003,1.0,True,
01-release-startup.json,37,,20900,blendio-tauri.exe,release,Windows 11 (10.0.22621),AMD Ryzen 7 5800X3D 8-Core Processor,NVIDIA GeForce RTX 4070,32 GB,8,16,v20.9.0,10.1.0,1.84.1 (66221abde 2024-11-19),1.84.1 (e71f9a9a9 2025-01-27),npm run tauri build,1748172195892,1748172196896,1004,1.0,True,
01-release-startup.json,38,,2280,blendio-tauri.exe,release,Windows 11 (10.0.22621),AMD Ryzen 7 5800X3D 8-Core Processor,NVIDIA GeForce RTX 4070,32 GB,8,16,v20.9.0,10.1.0,1.84.1 (66221abde 2024-11-19),1.84.1 (e71f9a9a9 2025-01-27),npm run tauri build,1748172196939,1748172197942,1003,1.0,True,
01-release-startup.json,39,,17344,blendio-tauri.exe,release,Windows 11 (10.0.22621),AMD Ryzen 7 5800X3D 8-Core Processor,NVIDIA GeForce RTX 4070,32 GB,8,16,v20.9.0,10.1.0,1.84.1 (66221abde 2024-11-19),1.84.1 (e71f9a9a9 2025-01-27),npm run tauri build,1748172197993,1748172198997,1004,1.0,True,
01-release-startup.json,40,,24052,blendio-tauri.exe,release,Windows 11 (10.0.22621),AMD Ryzen 7 5800X3D 8-Core Processor,NVIDIA GeForce RTX 4070,32 GB,8,16,v20.9.0,10.1.0,1.84.1 (66221abde 2024-11-19),1.84.1 (e71f9a9a9 2025-01-27),npm run tauri build,1748172199043,1748172200046,1003,1.0,True,
01-release-startup.json,41,,25408,blendio-tauri.exe,release,Windows 11 (10.0.22621),AMD Ryzen 7 5800X3D 8-Core Processor,NVIDIA GeForce RTX 4070,32 GB,8,16,v20.9.0,10.1.0,1.84.1 (66221abde 2024-11-19),1.84.1 (e71f9a9a9 2025-01-27),npm run tauri build,1748172200097,1748172201104,1007,1.01,True,
01-release-startup.json,42,,15916,blendio-tauri.exe,release,Windows 11 (10.0.22621),AMD Ryzen 7 5800X3D 8-Core Processor,NVIDIA GeForce RTX 4070,32 GB,8,16,v20.9.0,10.1.0,1.84.1 (66221abde 2024-11-19),1.84.1 (e71f9a9a9 2025-01-27),npm run tauri build,1748172201146,1748172202149,1003,1.0,True,
01-release-startup.json,43,,11632,blendio-tauri.exe,release,Windows 11 (10.0.22621),AMD Ryzen 7 5800X3D 8-Core Processor,NVIDIA GeForce RTX 4070,32 GB,8,16,v20.9.0,10.1.0,1.84.1 (66221abde 2024-11-19),1.84.1 (e71f9a9a9 2025-01-27),npm run tauri build,1748172202198,1748172203202,1004,1.0,True,
01-release-startup.json,44,,23372,blendio-tauri.exe,release,Windows 11 (10.0.22621),AMD Ryzen 7 5800X3D 8-Core Processor,NVIDIA GeForce RTX 4070,32 GB,8,16,v20.9.0,10.1.0,1.84.1 (66221abde 2024-11-19),1.84.1 (e71f9a9a9 2025-01-27),npm run tauri build,1748172203248,1748172205252,2004,2.0,True,
01-release-startup.json,45,,23168,blendio-tauri.exe,release,Windows 11 (10.0.22621),AMD Ryzen 7 5800X3D 8-Core Processor,NVIDIA GeForce RTX 4070,32 GB,8,16,v20.9.0,10.1.0,1.84.1 (66221abde 2024-11-19),1.84.1 (e71f9a9a9 2025-01-27),npm run tauri build,1748172205300,1748172206305,1005,1.0,True,
01-release-startup.json,46,,26304,blendio-tauri.exe,release,Windows 11 (10.0.22621),AMD Ryzen 7 5800X3D 8-Core Processor,NVIDIA GeForce RTX 4070,32 GB,8,16,v20.9.0,10.1.0,1.84.1 (66221abde 2024-11-19),1.84.1 (e71f9a9a9 2025-01-27),npm run tauri build,1748172206351,1748172208358,2007,2.01,True,
01-release-startup.json,47,,11820,blendio-tauri.exe,release,Windows 11 (10.0.22621),AMD Ryzen 7 5800X3D 8-Core Processor,NVIDIA GeForce RTX 4070,32 GB,8,16,v20.9.0,10.1.0,1.84.1 (66221abde 2024-11-19),1.84.1 (e71f9a9a9 2025-01-27),npm run tauri build,1748172208402,1748172209408,1006,1.01,True,
01-release-startup.json,48,,9396,blendio-tauri.exe,release,Windows 11 (10.0.22621),AMD Ryzen 7 5800X3D 8-Core Processor,NVIDIA GeForce RTX 4070,32 GB,8,16,v20.9.0,10.1.0,1.84.1 (66221abde 2024-11-19),1.84.1 (e71f9a9a9 2025-01-27),npm run tauri build,1748172209453,1748172210457,1004,1.0,True,
01-release-startup.json,49,,23584,blendio-tauri.exe,release,Windows 11 (10.0.22621),AMD Ryzen 7 5800X3D 8-Core Processor,NVIDIA GeForce RTX 4070,32 GB,8,16,v20.9.0,10.1.0,1.84.1 (66221abde 2024-11-19),1.84.1 (e71f9a9a9 2025-01-27),npm run tauri build,1748172210507,1748172211512,1005,1.0,True,
01-release-startup.json,50,,13780,blendio-tauri.exe,release,Windows 11 (10.0.22621),AMD Ryzen 7 5800X3D 8-Core Processor,NVIDIA GeForce RTX 4070,32 GB,8,16,v20.9.0,10.1.0,1.84.1 (66221abde 2024-11-19),1.84.1 (e71f9a9a9 2025-01-27),npm run tauri build,1748172211553,1748172212558,1005,1.0,True,
AVERAGES,,,,,,,,,,,,,,,,,,,1164.22,1.16,,
,,,,,,,,,,,,,,,,,,,,,,
02-debug-startup.json,1,,23540,blendio-tauri.exe,debug,Windows 11 (10.0.22621),AMD Ryzen 7 5800X3D 8-Core Processor,NVIDIA GeForce RTX 4070,32 GB,8,16,v20.9.0,10.1.0,1.84.1 (66221abde 2024-11-19),1.84.1 (e71f9a9a9 2025-01-27),npm run tauri build -- --debug,1748172239469,1748172241476,2007,2.01,True,
02-debug-startup.json,2,,7960,blendio-tauri.exe,debug,Windows 11 (10.0.22621),AMD Ryzen 7 5800X3D 8-Core Processor,NVIDIA GeForce RTX 4070,32 GB,8,16,v20.9.0,10.1.0,1.84.1 (66221abde 2024-11-19),1.84.1 (e71f9a9a9 2025-01-27),npm run tauri build -- --debug,1748172241529,1748172242535,1006,1.01,True,
02-debug-startup.json,3,,21440,blendio-tauri.exe,debug,Windows 11 (10.0.22621),AMD Ryzen 7 5800X3D 8-Core Processor,NVIDIA GeForce RTX 4070,32 GB,8,16,v20.9.0,10.1.0,1.84.1 (66221abde 2024-11-19),1.84.1 (e71f9a9a9 2025-01-27),npm run tauri build -- --debug,1748172242579,1748172244587,2008,2.01,True,
02-debug-startup.json,4,,25836,blendio-tauri.exe,debug,Windows 11 (10.0.22621),AMD Ryzen 7 5800X3D 8-Core Processor,NVIDIA GeForce RTX 4070,32 GB,8,16,v20.9.0,10.1.0,1.84.1 (66221abde 2024-11-19),1.84.1 (e71f9a9a9 2025-01-27),npm run tauri build -- --debug,1748172244632,1748172245638,1006,1.01,True,
02-debug-startup.json,5,,25956,blendio-tauri.exe,debug,Windows 11 (10.0.22621),AMD Ryzen 7 5800X3D 8-Core Processor,NVIDIA GeForce RTX 4070,32 GB,8,16,v20.9.0,10.1.0,1.84.1 (66221abde 2024-11-19),1.84.1 (e71f9a9a9 2025-01-27),npm run tauri build -- --debug,1748172245690,1748172246695,1005,1.0,True,
02-debug-startup.json,6,,26012,blendio-tauri.exe,debug,Windows 11 (10.0.22621),AMD Ryzen 7 5800X3D 8-Core Processor,NVIDIA GeForce RTX 4070,32 GB,8,16,v20.9.0,10.1.0,1.84.1 (66221abde 2024-11-19),1.84.1 (e71f9a9a9 2025-01-27),npm run tauri build -- --debug,1748172246742,1748172248749,2007,2.01,True,
02-debug-startup.json,7,,26216,blendio-tauri.exe,debug,Windows 11 (10.0.22621),AMD Ryzen 7 5800X3D 8-Core Processor,NVIDIA GeForce RTX 4070,32 GB,8,16,v20.9.0,10.1.0,1.84.1 (66221abde 2024-11-19),1.84.1 (e71f9a9a9 2025-01-27),npm run tauri build -- --debug,1748172248806,1748172250810,2004,2.0,True,
02-debug-startup.json,8,,25592,blendio-tauri.exe,debug,Windows 11 (10.0.22621),AMD Ryzen 7 5800X3D 8-Core Processor,NVIDIA GeForce RTX 4070,32 GB,8,16,v20.9.0,10.1.0,1.84.1 (66221abde 2024-11-19),1.84.1 (e71f9a9a9 2025-01-27),npm run tauri build -- --debug,1748172250862,1748172251867,1005,1.0,True,
02-debug-startup.json,9,,24864,blendio-tauri.exe,debug,Windows 11 (10.0.22621),AMD Ryzen 7 5800X3D 8-Core Processor,NVIDIA GeForce RTX 4070,32 GB,8,16,v20.9.0,10.1.0,1.84.1 (66221abde 2024-11-19),1.84.1 (e71f9a9a9 2025-01-27),npm run tauri build -- --debug,1748172251921,1748172252927,1006,1.01,True,
02-debug-startup.json,10,,20700,blendio-tauri.exe,debug,Windows 11 (10.0.22621),AMD Ryzen 7 5800X3D 8-Core Processor,NVIDIA GeForce RTX 4070,32 GB,8,16,v20.9.0,10.1.0,1.84.1 (66221abde 2024-11-19),1.84.1 (e71f9a9a9 2025-01-27),npm run tauri build -- --debug,1748172252975,1748172253979,1004,1.0,True,
02-debug-startup.json,11,,13780,blendio-tauri.exe,debug,Windows 11 (10.0.22621),AMD Ryzen 7 5800X3D 8-Core Processor,NVIDIA GeForce RTX 4070,32 GB,8,16,v20.9.0,10.1.0,1.84.1 (66221abde 2024-11-19),1.84.1 (e71f9a9a9 2025-01-27),npm run tauri build -- --debug,1748172254027,1748172256034,2007,2.01,True,
02-debug-startup.json,12,,6840,blendio-tauri.exe,debug,Windows 11 (10.0.22621),AMD Ryzen 7 5800X3D 8-Core Processor,NVIDIA GeForce RTX 4070,32 GB,8,16,v20.9.0,10.1.0,1.84.1 (66221abde 2024-11-19),1.84.1 (e71f9a9a9 2025-01-27),npm run tauri build -- --debug,1748172256082,1748172257088,1006,1.01,True,
02-debug-startup.json,13,,18500,blendio-tauri.exe,debug,Windows 11 (10.0.22621),AMD Ryzen 7 5800X3D 8-Core Processor,NVIDIA GeForce RTX 4070,32 GB,8,16,v20.9.0,10.1.0,1.84.1 (66221abde 2024-11-19),1.84.1 (e71f9a9a9 2025-01-27),npm run tauri build -- --debug,1748172257138,1748172259143,2005,2.0,True,
02-debug-startup.json,14,,16028,blendio-tauri.exe,debug,Windows 11 (10.0.22621),AMD Ryzen 7 5800X3D 8-Core Processor,NVIDIA GeForce RTX 4070,32 GB,8,16,v20.9.0,10.1.0,1.84.1 (66221abde 2024-11-19),1.84.1 (e71f9a9a9 2025-01-27),npm run tauri build -- --debug,1748172259190,1748172260195,1005,1.0,True,
02-debug-startup.json,15,,26396,blendio-tauri.exe,debug,Windows 11 (10.0.22621),AMD Ryzen 7 5800X3D 8-Core Processor,NVIDIA GeForce RTX 4070,32 GB,8,16,v20.9.0,10.1.0,1.84.1 (66221abde 2024-11-19),1.84.1 (e71f9a9a9 2025-01-27),npm run tauri build -- --debug,1748172260247,1748172261252,1005,1.0,True,
02-debug-startup.json,16,,1616,blendio-tauri.exe,debug,Windows 11 (10.0.22621),AMD Ryzen 7 5800X3D 8-Core Processor,NVIDIA GeForce RTX 4070,32 GB,8,16,v20.9.0,10.1.0,1.84.1 (66221abde 2024-11-19),1.84.1 (e71f9a9a9 2025-01-27),npm run tauri build -- --debug,1748172261295,1748172262300,1005,1.0,True,
02-debug-startup.json,17,,14064,blendio-tauri.exe,debug,Windows 11 (10.0.22621),AMD Ryzen 7 5800X3D 8-Core Processor,NVIDIA GeForce RTX 4070,32 GB,8,16,v20.9.0,10.1.0,1.84.1 (66221abde 2024-11-19),1.84.1 (e71f9a9a9 2025-01-27),npm run tauri build -- --debug,1748172262344,1748172263347,1003,1.0,True,
02-debug-startup.json,18,,24816,blendio-tauri.exe,debug,Windows 11 (10.0.22621),AMD Ryzen 7 5800X3D 8-Core Processor,NVIDIA GeForce RTX 4070,32 GB,8,16,v20.9.0,10.1.0,1.84.1 (66221abde 2024-11-19),1.84.1 (e71f9a9a9 2025-01-27),npm run tauri build -- --debug,1748172263394,1748172264398,1004,1.0,True,
02-debug-startup.json,19,,17032,blendio-tauri.exe,debug,Windows 11 (10.0.22621),AMD Ryzen 7 5800X3D 8-Core Processor,NVIDIA GeForce RTX 4070,32 GB,8,16,v20.9.0,10.1.0,1.84.1 (66221abde 2024-11-19),1.84.1 (e71f9a9a9 2025-01-27),npm run tauri build -- --debug,1748172264444,1748172265448,1004,1.0,True,
02-debug-startup.json,20,,26140,blendio-tauri.exe,debug,Windows 11 (10.0.22621),AMD Ryzen 7 5800X3D 8-Core Processor,NVIDIA GeForce RTX 4070,32 GB,8,16,v20.9.0,10.1.0,1.84.1 (66221abde 2024-11-19),1.84.1 (e71f9a9a9 2025-01-27),npm run tauri build -- --debug,1748172265493,1748172266499,1006,1.01,True,
02-debug-startup.json,21,,15380,blendio-tauri.exe,debug,Windows 11 (10.0.22621),AMD Ryzen 7 5800X3D 8-Core Processor,NVIDIA GeForce RTX 4070,32 GB,8,16,v20.9.0,10.1.0,1.84.1 (66221abde 2024-11-19),1.84.1 (e71f9a9a9 2025-01-27),npm run tauri build -- --debug,1748172266546,1748172267551,1005,1.0,True,
02-debug-startup.json,22,,24700,blendio-tauri.exe,debug,Windows 11 (10.0.22621),AMD Ryzen 7 5800X3D 8-Core Processor,NVIDIA GeForce RTX 4070,32 GB,8,16,v20.9.0,10.1.0,1.84.1 (66221abde 2024-11-19),1.84.1 (e71f9a9a9 2025-01-27),npm run tauri build -- --debug,1748172267601,1748172269607,2006,2.01,True,
02-debug-startup.json,23,,13208,blendio-tauri.exe,debug,Windows 11 (10.0.22621),AMD Ryzen 7 5800X3D 8-Core Processor,NVIDIA GeForce RTX 4070,32 GB,8,16,v20.9.0,10.1.0,1.84.1 (66221abde 2024-11-19),1.84.1 (e71f9a9a9 2025-01-27),npm run tauri build -- --debug,1748172269654,1748172270658,1004,1.0,True,
02-debug-startup.json,24,,17624,blendio-tauri.exe,debug,Windows 11 (10.0.22621),AMD Ryzen 7 5800X3D 8-Core Processor,NVIDIA GeForce RTX 4070,32 GB,8,16,v20.9.0,10.1.0,1.84.1 (66221abde 2024-11-19),1.84.1 (e71f9a9a9 2025-01-27),npm run tauri build -- --debug,1748172270704,1748172271710,1006,1.01,True,
02-debug-startup.json,25,,25800,blendio-tauri.exe,debug,Windows 11 (10.0.22621),AMD Ryzen 7 5800X3D 8-Core Processor,NVIDIA GeForce RTX 4070,32 GB,8,16,v20.9.0,10.1.0,1.84.1 (66221abde 2024-11-19),1.84.1 (e71f9a9a9 2025-01-27),npm run tauri build -- --debug,1748172271756,1748172272761,1005,1.0,True,
02-debug-startup.json,26,,26220,blendio-tauri.exe,debug,Windows 11 (10.0.22621),AMD Ryzen 7 5800X3D 8-Core Processor,NVIDIA GeForce RTX 4070,32 GB,8,16,v20.9.0,10.1.0,1.84.1 (66221abde 2024-11-19),1.84.1 (e71f9a9a9 2025-01-27),npm run tauri build -- --debug,1748172272807,1748172274812,2005,2.0,True,
02-debug-startup.json,27,,19776,blendio-tauri.exe,debug,Windows 11 (10.0.22621),AMD Ryzen 7 5800X3D 8-Core Processor,NVIDIA GeForce RTX 4070,32 GB,8,16,v20.9.0,10.1.0,1.84.1 (66221abde 2024-11-19),1.84.1 (e71f9a9a9 2025-01-27),npm run tauri build -- --debug,1748172274860,1748172275863,1003,1.0,True,
02-debug-startup.json,28,,25192,blendio-tauri.exe,debug,Windows 11 (10.0.22621),AMD Ryzen 7 5800X3D 8-Core Processor,NVIDIA GeForce RTX 4070,32 GB,8,16,v20.9.0,10.1.0,1.84.1 (66221abde 2024-11-19),1.84.1 (e71f9a9a9 2025-01-27),npm run tauri build -- --debug,1748172275919,1748172276924,1005,1.0,True,
02-debug-startup.json,29,,26224,blendio-tauri.exe,debug,Windows 11 (10.0.22621),AMD Ryzen 7 5800X3D 8-Core Processor,NVIDIA GeForce RTX 4070,32 GB,8,16,v20.9.0,10.1.0,1.84.1 (66221abde 2024-11-19),1.84.1 (e71f9a9a9 2025-01-27),npm run tauri build -- --debug,1748172276974,1748172277979,1005,1.0,True,
02-debug-startup.json,30,,25960,blendio-tauri.exe,debug,Windows 11 (10.0.22621),AMD Ryzen 7 5800X3D 8-Core Processor,NVIDIA GeForce RTX 4070,32 GB,8,16,v20.9.0,10.1.0,1.84.1 (66221abde 2024-11-19),1.84.1 (e71f9a9a9 2025-01-27),npm run tauri build -- --debug,1748172278023,1748172279029,1006,1.01,True,
02-debug-startup.json,31,,19652,blendio-tauri.exe,debug,Windows 11 (10.0.22621),AMD Ryzen 7 5800X3D 8-Core Processor,NVIDIA GeForce RTX 4070,32 GB,8,16,v20.9.0,10.1.0,1.84.1 (66221abde 2024-11-19),1.84.1 (e71f9a9a9 2025-01-27),npm run tauri build -- --debug,1748172279077,1748172281082,2005,2.0,True,
02-debug-startup.json,32,,25392,blendio-tauri.exe,debug,Windows 11 (10.0.22621),AMD Ryzen 7 5800X3D 8-Core Processor,NVIDIA GeForce RTX 4070,32 GB,8,16,v20.9.0,10.1.0,1.84.1 (66221abde 2024-11-19),1.84.1 (e71f9a9a9 2025-01-27),npm run tauri build -- --debug,1748172281130,1748172282135,1005,1.0,True,
02-debug-startup.json,33,,8400,blendio-tauri.exe,debug,Windows 11 (10.0.22621),AMD Ryzen 7 5800X3D 8-Core Processor,NVIDIA GeForce RTX 4070,32 GB,8,16,v20.9.0,10.1.0,1.84.1 (66221abde 2024-11-19),1.84.1 (e71f9a9a9 2025-01-27),npm run tauri build -- --debug,1748172282184,1748172284189,2005,2.0,True,
02-debug-startup.json,34,,22796,blendio-tauri.exe,debug,Windows 11 (10.0.22621),AMD Ryzen 7 5800X3D 8-Core Processor,NVIDIA GeForce RTX 4070,32 GB,8,16,v20.9.0,10.1.0,1.84.1 (66221abde 2024-11-19),1.84.1 (e71f9a9a9 2025-01-27),npm run tauri build -- --debug,1748172284236,1748172285242,1006,1.01,True,
02-debug-startup.json,35,,24332,blendio-tauri.exe,debug,Windows 11 (10.0.22621),AMD Ryzen 7 5800X3D 8-Core Processor,NVIDIA GeForce RTX 4070,32 GB,8,16,v20.9.0,10.1.0,1.84.1 (66221abde 2024-11-19),1.84.1 (e71f9a9a9 2025-01-27),npm run tauri build -- --debug,1748172285289,1748172286295,1006,1.01,True,
02-debug-startup.json,36,,11020,blendio-tauri.exe,debug,Windows 11 (10.0.22621),AMD Ryzen 7 5800X3D 8-Core Processor,NVIDIA GeForce RTX 4070,32 GB,8,16,v20.9.0,10.1.0,1.84.1 (66221abde 2024-11-19),1.84.1 (e71f9a9a9 2025-01-27),npm run tauri build -- --debug,1748172286339,1748172287343,1004,1.0,True,
02-debug-startup.json,37,,14468,blendio-tauri.exe,debug,Windows 11 (10.0.22621),AMD Ryzen 7 5800X3D 8-Core Processor,NVIDIA GeForce RTX 4070,32 GB,8,16,v20.9.0,10.1.0,1.84.1 (66221abde 2024-11-19),1.84.1 (e71f9a9a9 2025-01-27),npm run tauri build -- --debug,1748172287395,1748172288398,1003,1.0,True,
02-debug-startup.json,38,,5232,blendio-tauri.exe,debug,Windows 11 (10.0.22621),AMD Ryzen 7 5800X3D 8-Core Processor,NVIDIA GeForce RTX 4070,32 GB,8,16,v20.9.0,10.1.0,1.84.1 (66221abde 2024-11-19),1.84.1 (e71f9a9a9 2025-01-27),npm run tauri build -- --debug,1748172288444,1748172290449,2005,2.0,True,
02-debug-startup.json,39,,4764,blendio-tauri.exe,debug,Windows 11 (10.0.22621),AMD Ryzen 7 5800X3D 8-Core Processor,NVIDIA GeForce RTX 4070,32 GB,8,16,v20.9.0,10.1.0,1.84.1 (66221abde 2024-11-19),1.84.1 (e71f9a9a9 2025-01-27),npm run tauri build -- --debug,1748172290501,1748172291506,1005,1.0,True,
02-debug-startup.json,40,,19324,blendio-tauri.exe,debug,Windows 11 (10.0.22621),AMD Ryzen 7 5800X3D 8-Core Processor,NVIDIA GeForce RTX 4070,32 GB,8,16,v20.9.0,10.1.0,1.84.1 (66221abde 2024-11-19),1.84.1 (e71f9a9a9 2025-01-27),npm run tauri build -- --debug,1748172291553,1748172293557,2004,2.0,True,
02-debug-startup.json,41,,10632,blendio-tauri.exe,debug,Windows 11 (10.0.22621),AMD Ryzen 7 5800X3D 8-Core Processor,NVIDIA GeForce RTX 4070,32 GB,8,16,v20.9.0,10.1.0,1.84.1 (66221abde 2024-11-19),1.84.1 (e71f9a9a9 2025-01-27),npm run tauri build -- --debug,1748172293601,1748172294606,1005,1.0,True,
02-debug-startup.json,42,,20992,blendio-tauri.exe,debug,Windows 11 (10.0.22621),AMD Ryzen 7 5800X3D 8-Core Processor,NVIDIA GeForce RTX 4070,32 GB,8,16,v20.9.0,10.1.0,1.84.1 (66221abde 2024-11-19),1.84.1 (e71f9a9a9 2025-01-27),npm run tauri build -- --debug,1748172294656,1748172296662,2006,2.01,True,
02-debug-startup.json,43,,23520,blendio-tauri.exe,debug,Windows 11 (10.0.22621),AMD Ryzen 7 5800X3D 8-Core Processor,NVIDIA GeForce RTX 4070,32 GB,8,16,v20.9.0,10.1.0,1.84.1 (66221abde 2024-11-19),1.84.1 (e71f9a9a9 2025-01-27),npm run tauri build -- --debug,1748172296708,1748172297713,1005,1.0,True,
02-debug-startup.json,44,,26216,blendio-tauri.exe,debug,Windows 11 (10.0.22621),AMD Ryzen 7 5800X3D 8-Core Processor,NVIDIA GeForce RTX 4070,32 GB,8,16,v20.9.0,10.1.0,1.84.1 (66221abde 2024-11-19),1.84.1 (e71f9a9a9 2025-01-27),npm run tauri build -- --debug,1748172297754,1748172298758,1004,1.0,True,
02-debug-startup.json,45,,18848,blendio-tauri.exe,debug,Windows 11 (10.0.22621),AMD Ryzen 7 5800X3D 8-Core Processor,NVIDIA GeForce RTX 4070,32 GB,8,16,v20.9.0,10.1.0,1.84.1 (66221abde 2024-11-19),1.84.1 (e71f9a9a9 2025-01-27),npm run tauri build -- --debug,1748172298805,1748172299810,1005,1.0,True,
02-debug-startup.json,46,,25056,blendio-tauri.exe,debug,Windows 11 (10.0.22621),AMD Ryzen 7 5800X3D 8-Core Processor,NVIDIA GeForce RTX 4070,32 GB,8,16,v20.9.0,10.1.0,1.84.1 (66221abde 2024-11-19),1.84.1 (e71f9a9a9 2025-01-27),npm run tauri build -- --debug,1748172299857,1748172300863,1006,1.01,True,
02-debug-startup.json,47,,5860,blendio-tauri.exe,debug,Windows 11 (10.0.22621),AMD Ryzen 7 5800X3D 8-Core Processor,NVIDIA GeForce RTX 4070,32 GB,8,16,v20.9.0,10.1.0,1.84.1 (66221abde 2024-11-19),1.84.1 (e71f9a9a9 2025-01-27),npm run tauri build -- --debug,1748172300907,1748172301912,1005,1.0,True,
02-debug-startup.json,48,,15916,blendio-tauri.exe,debug,Windows 11 (10.0.22621),AMD Ryzen 7 5800X3D 8-Core Processor,NVIDIA GeForce RTX 4070,32 GB,8,16,v20.9.0,10.1.0,1.84.1 (66221abde 2024-11-19),1.84.1 (e71f9a9a9 2025-01-27),npm run tauri build -- --debug,1748172301958,1748172302962,1004,1.0,True,
02-debug-startup.json,49,,6464,blendio-tauri.exe,debug,Windows 11 (10.0.22621),AMD Ryzen 7 5800X3D 8-Core Processor,NVIDIA GeForce RTX 4070,32 GB,8,16,v20.9.0,10.1.0,1.84.1 (66221abde 2024-11-19),1.84.1 (e71f9a9a9 2025-01-27),npm run tauri build -- --debug,1748172303009,1748172304015,1006,1.01,True,
02-debug-startup.json,50,,17824,blendio-tauri.exe,debug,Windows 11 (10.0.22621),AMD Ryzen 7 5800X3D 8-Core Processor,NVIDIA GeForce RTX 4070,32 GB,8,16,v20.9.0,10.1.0,1.84.1 (66221abde 2024-11-19),1.84.1 (e71f9a9a9 2025-01-27),npm run tauri build -- --debug,1748172304057,1748172305061,1004,1.0,True,
AVERAGES,,,,,,,,,,,,,,,,,,,1265.12,1.26,,
,,,,,,,,,,,,,,,,,,,,,,
